{
  "best_metric": null,
  "best_model_checkpoint": null,
  "epoch": 1.0,
  "eval_steps": 500,
  "global_step": 46,
  "is_hyper_param_search": false,
  "is_local_process_zero": true,
  "is_world_process_zero": true,
  "log_history": [
    {
      "epoch": 0.21739130434782608,
      "grad_norm": 0.4459950029850006,
      "learning_rate": 3.91304347826087e-05,
      "loss": 4.2776,
      "step": 10
    },
    {
      "epoch": 0.43478260869565216,
      "grad_norm": 0.6382761597633362,
      "learning_rate": 2.826086956521739e-05,
      "loss": 4.4417,
      "step": 20
    },
    {
      "epoch": 0.6521739130434783,
      "grad_norm": 0.504454493522644,
      "learning_rate": 1.739130434782609e-05,
      "loss": 4.2869,
      "step": 30
    },
    {
      "epoch": 0.8695652173913043,
      "grad_norm": 1.0266611576080322,
      "learning_rate": 6.521739130434783e-06,
      "loss": 4.3863,
      "step": 40
    }
  ],
  "logging_steps": 10,
  "max_steps": 46,
  "num_input_tokens_seen": 0,
  "num_train_epochs": 1,
  "save_steps": 500,
  "stateful_callbacks": {
    "TrainerControl": {
      "args": {
        "should_epoch_stop": false,
        "should_evaluate": false,
        "should_log": false,
        "should_save": true,
        "should_training_stop": true
      },
      "attributes": {}
    }
  },
  "total_flos": 194780769288192.0,
  "train_batch_size": 8,
  "trial_name": null,
  "trial_params": null
}
